id_personne,id_utilisateur,nom,prenom,adresse
1,1,Berfoot,Trula,3 Oakridge Circle
2,2,Habbeshaw,Gabbie,0696 Elka Crossing
3,3,Melliard,Frederick,22 Becker Junction
4,4,Novic,Elysia,9042 Gulseth Hill
5,5,Roose,Cristin,6238 North Court
6,6,McLay,Sanson,5767 Talisman Trail
7,7,Salter,Georgy,078 Florence Pass
8,8,Gonthard,Frankie,6 Hoffman Plaza
9,9,Sigward,Dolores,07 Porter Hill
10,10,Amey,Dorian,6149 Amoth Parkway
11,11,Salway,Lynnell,63 Scoville Place
12,12,Deguara,Felipe,84 Trailsway Alley
13,13,Kiezler,Silvester,71540 Manufacturers Pass
14,14,MacGilfoyle,Jennica,35188 Westerfield Trail
15,15,Brignell,Morgan,164 Dwight Point
16,16,Abramamovh,Marsh,9 Fair Oaks Plaza
17,17,McShirrie,Tate,69767 Annamark Way
18,18,Huddle,Blythe,83 Service Way
19,19,Gallichiccio,Odell,6 Tennyson Place
20,20,Krystek,Felicio,2 Londonderry Center
21,21,Waiting,Roberta,04169 Kensington Drive
22,22,Cartmale,Rikki,4 Oneill Point
23,23,Sreenan,Gustavo,3522 North Plaza
24,24,Bilfoot,Nicola,14298 Trailsway Hill
25,25,Dobie,Egan,04138 Iowa Road
26,26,Lalonde,Emelyne,64 Boyd Crossing
27,27,Curedale,Aguistin,65 Ramsey Place
28,28,Sherer,Luis,88 Parkside Plaza
29,29,Toovey,Aubree,12 Quincy Avenue
30,30,Goudie,Xylia,895 Towne Park
31,31,Hundy,Hedvig,1 Granby Alley
32,32,Mallison,Shandie,8612 Forest Run Court
33,33,Pantecost,Aylmer,1 Morning Drive
34,34,Pittaway,Marigold,0082 Monica Way
35,35,Obington,Cyril,1419 Gerald Crossing
36,36,Domenichini,Gladys,7186 Golf Road
37,37,Wingfield,Patience,2 Dunning Terrace
38,38,Sallier,Kelly,72 Warbler Way
39,39,MacLaughlin,Meryl,5366 Morrow Hill
40,40,Thurgood,Fayre,7999 Bowman Pass
41,41,Gregr,Horton,8601 Killdeer Court
42,42,Maffucci,Shelly,06 Stone Corner Pass
43,43,Paszak,Abelard,5812 Arapahoe Alley
44,44,Neubigin,Lucky,2 Loeprich Trail
45,45,MacPaike,Fabiano,15206 Sherman Parkway
46,46,Cattermole,Marissa,9093 Kim Junction
47,47,Heyfield,Tobey,400 Fairview Parkway
48,48,Putland,Madelina,70502 Heffernan Drive
49,49,Eva,Tonia,11929 Truax Parkway
50,50,Torbett,Artemis,448 Sommers Crossing
51,51,Ponnsett,Edgard,6 Steensland Circle
52,52,Sparey,Zelig,4 Amoth Way
53,53,McTrusty,Fae,804 Randy Way
54,54,O'Cahey,Lew,624 Lawn Parkway
55,55,Tuddall,Jorry,8123 Kim Center
56,56,Cordero,Sibylla,47 High Crossing Junction
57,57,Peyto,Hannis,81 Kipling Court
58,58,Earp,Jolie,06462 Barby Terrace
59,59,Plows,Cacilie,3 Old Gate Crossing
60,60,Mars,Tallou,12 Drewry Trail
61,61,Phetteplace,Haven,8 3rd Pass
62,62,Twitty,Darcey,9278 Hagan Lane
63,63,Tilby,Barron,237 Dovetail Drive
64,64,Kohneke,Rebe,5404 Del Mar Plaza
65,65,Maypowder,Fee,241 High Crossing Plaza
66,66,Antoniou,Agnola,1027 Fuller Road
67,67,O'Hollegan,Jennilee,7 Fairview Crossing
68,68,Master,Katy,8748 Myrtle Street
69,69,Shelley,Terrijo,225 Lakeland Way
70,70,Ofield,Chaunce,8 Holmberg Point
71,71,Hegerty,Mona,148 Tomscot Circle
72,72,Cobleigh,Hercule,211 Toban Point
73,73,Kays,Iver,08 Schiller Crossing
74,74,World,Rriocard,3 Hermina Point
75,75,Biever,Crissy,0 Acker Circle
76,76,Olding,Cassaundra,7209 Lakeland Pass
77,77,Ralls,Elise,90673 Westerfield Way
78,78,Whitter,Griswold,1 Logan Parkway
79,79,Kleinhaut,Miner,88 Brentwood Court
80,80,Filipov,Nikolai,111 Michigan Street
