id_utilisateur,adresse_mail,mot_de_pase
1,pfligg0@hexun.com,llLkrNR
2,rkift1@narod.ru,F2JecdUN
3,mferris2@kickstarter.com,6fvPzl2HXE2c
4,blattka3@technorati.com,iKT8dzzlcbtK
5,rfrisdick4@ucla.edu,zkz4LuE
6,gkuhne5@hao123.com,ZcIaKwJwrTh
7,mliccardi6@washingtonpost.com,Nyid4HnbgRml
8,scowburn7@about.com,tAIJ1kf
9,hwickliffe8@state.gov,d4PbdDOH
10,lfussell9@msn.com,9t5iju
11,dpollanda@oakley.com,e6LP350Phro
12,gpobjayb@blinklist.com,ktJ1VbHhF
13,kblightc@msu.edu,zCrrm8z
14,bwimmerd@dropbox.com,y3qukZTw
15,oclerye@csmonitor.com,Az5IThmNV9Wq
16,jpardyf@mit.edu,AUsCEJE
17,hebding@theglobeandmail.com,2ddEUzDRu08U
18,thueth@webs.com,8NTcp5
19,bsinnotti@youtube.com,6RLLSwY5qn
20,lhowbrookj@discuz.net,JtJEjhMv6ec
21,csimnork@goo.ne.jp,DKIIms
22,mredonl@nps.gov,F1yHP6v3yC
23,wphupratem@blogs.com,peG0X38X4bp
24,gvalekn@ezinearticles.com,rkYNC0
25,bglendzao@webs.com,02IKpSAZMBR
26,rsatchellp@msn.com,8w5FhG
27,pkoppenq@auda.org.au,nXbsEq
28,bubsdallr@virginia.edu,zWWXPz5vG38
29,dvuittons@mashable.com,YIOwg9FV
30,shallittt@fc2.com,4GSH896QfA
31,msmietonu@marriott.com,2mTVnEeb7
32,tmacpikev@opensource.org,jTuFOMqk
33,nmcgorleyw@businessweek.com,7R6kDhNC9XVA
34,hscrancherx@reddit.com,y72Ynxh7e17
35,afahyy@amazon.co.uk,EOb6776xaMOM
36,rcouvertz@answers.com,7AzO3F
37,hheffernan10@netscape.com,Kbq49A
38,daronovich11@time.com,oVJynHSQhcMk
39,schable12@netvibes.com,7rUpAY
40,aboatman13@unesco.org,ZEjfEPwZU
41,edulling14@google.ca,XOZb8a
42,ppimerick15@stumbleupon.com,D1vlTO0LWu
43,anairns16@flavors.me,90AqvDj8Mqy
44,tslipper17@mozilla.com,s9c6fMZ3
45,saddicote18@wordpress.org,ddID4IjtX
46,tduffield19@rediff.com,DLkfU8Qdsh49
47,fgeake1a@wikipedia.org,jBhnrY
48,agregoraci1b@archive.org,y6JcaU
49,idevaan1c@thetimes.co.uk,wKsRix3XC
50,ttollady1d@archive.org,wDKuMLu9
51,mgiraths1e@twitter.com,ewgXyTteufZ
52,amcpike1f@google.it,Dq7WSFb3kXb
53,rloxston1g@jiathis.com,ehoqkAMa5
54,aibarra1h@japanpost.jp,3nRU1J
55,etrill1i@mozilla.com,mh2u1QlQH9
56,lpilcher1j@smugmug.com,iOqFfJgMuwr
57,iaxten1k@google.com.hk,AiyBFOr9
58,cfrankum1l@unesco.org,UczPFVdqp
59,zwalker1m@latimes.com,Eh1kk1n
60,kbeccera1n@4shared.com,JB8bdUMNPI1
61,csiemianowicz1o@rediff.com,OQioxclYGvd7
62,aaven1p@addtoany.com,uvY0XF716
63,shedlestone1q@state.gov,6kN21x6s
64,jshevlane1r@feedburner.com,ioXIOMr
65,kforestall1s@sciencedirect.com,1lRx7uHI1
66,ydaintry1t@marketwatch.com,XlJFnH1
67,afriberg1u@webs.com,9lM43CNb
68,wfinden1v@businessweek.com,mDMUT7
69,hgioani1w@a8.net,HJzRAhDuYyP
70,dvarley1x@example.com,vehiOIoH
71,mrandleson1y@g.co,8n4dvSU
72,pkemmons1z@blogger.com,UJR663UbU
73,scluely20@admin.ch,UQxo9kVPxXEB
74,ctadd21@wufoo.com,7IhHaUQ
75,mmcivor22@blog.com,wZ5y4W
76,bverheyden23@npr.org,WazDKKadw
77,ibotley24@macromedia.com,0VeLKYuhIT
78,pwhisson25@fda.gov,bcmIK6wbeKwC
79,civanikhin26@mysql.com,JIbvbps
80,mcamamill27@yelp.com,KBSTpvk6m5
81,gsmallcomb28@tinyurl.com,Z2Cn7ih
82,acroasdale29@dyndns.org,EEk7h6ExugRN
83,lmuscott2a@tamu.edu,4UxtF4JW
84,kspillane2b@desdev.cn,uiiLFyN
85,fbremmell2c@spiegel.de,Eu8VI7oG9e
86,rbuckston2d@archive.org,GaAiRZYrG
87,hstancliffe2e@smugmug.com,HRaRC5x
88,njubb2f@nps.gov,c4ZtO8fJS
89,jwinchcomb2g@mtv.com,FyZull6l6VuC
90,lsobczak2h@patch.com,hRe7ZbsTt
91,ccrossfeld2i@goodreads.com,RVTqwTSV
92,lkarys2j@studiopress.com,7a0o60
93,tstirgess2k@loc.gov,4Ct86g
94,lensley2l@spotify.com,UTYrECF
95,aeglinton2m@sina.com.cn,tLS5dqcbX1
96,ameugens2n@epa.gov,neStu201
97,dsutehall2o@hibu.com,OEZtmCJMXP
98,bdobie2p@moonfruit.com,oWSjwY3Bm
99,agrimsditch2q@dailymotion.com,o9nCzV6DR
100,candino2r@usatoday.com,HUJSjk8
